Workbook

Sheet main
A1: duration_ms | B1: energy | C1: danceability | D1: tempo | E1: loudness | F1: popularity_score
A2: 207320 | B2: 0.653 | C2: 0.717 | D2: 106.966 | E2: -5.634 | F2: 86
A3: 201661 | B3: 0.488 | C3: 0.752 | D3: 136.041 | E3: -7.05 | F3: 87
A4: 312820 | B4: 0.73 | C4: 0.834 | D4: 155.008 | E4: -3.714 | F4: 85
A5: 158040 | B5: 0.479 | C5: 0.76 | D5: 89.911 | E5: -5.574 | F5: 92
A6: 190947 | B6: 0.904 | C6: 0.579 | D6: 82.014 | E6: -2.729 | F6: 86
A7: 241107 | B7: 0.625 | C7: 0.335 | D7: 150.277 | E7: -7.462 | F7: 63
A8: 151933 | B8: 0.598 | C8: 0.24 | D8: 202.082 | E8: -8.435 | F8: 52
A9: 126267 | B9: 0.472 | C9: 0.589 | D9: 67.196 | E9: -8.749 | F9: 53
A10: 133547 | B10: 0.398 | C10: 0.665 | D10: 140.456 | E10: -11.886 | F10: 3
A11: 130973 | B11: 0.428 | C11: 0.757 | D11: 119.813 | E11: -8.537 | F11: 51
A12: 183907 | B12: 0.625 | C12: 0.729 | D12: 146.034 | E12: -5.266 | F12: 81
A13: 192160 | B13: 0.21 | C13: 0.319 | D13: 78.696 | E13: -15.231 | F13: 48
... A100: 212689 | B100: 0.66 | C100: 0.454 | D100: 184.353 | E100: -4.357 | F100: 63

Sheet normalised_data
A1: duration_ms | B1: energy | C1: danceability | D1: tempo | E1: loudness | F1: popularity_score
A2: 207320 | B2: =(main!B2-MIN(main!$B$2:$B$101))/ (MAX(main!$B$2:$B$101)-MIN(main!$B$2:$B$101)) -> 0.69769103 | C2: =(main!C2-MIN(main!$B$2:$B$101))/ (MAX(main!$B$2:$B$101)-MIN(main!$B$2:$B$101)) -> 0.77386337 | D2: =(main!D2-MIN(main!$B$2:$B$101))/ (MAX(main!$B$2:$B$101)-MIN(main!$B$2:$B$101)) -> 127.23066 | E2: =(main!E2-MIN(main!$B$2:$B$101))/ (MAX(main!$B$2:$B$101)-MIN(main!$B$2:$B$101)) -> -6.7850512 | F2: =(main!F2-MIN(main!$B$2:$B$101))/ (MAX(main!$B$2:$B$101)-MIN(main!$B$2:$B$101)) -> 102.27708
A3: 201661 | B3: =(main!B3-MIN(main!$B$2:$B$101))/ (MAX(main!$B$2:$B$101)-MIN(main!$B$2:$B$101)) -> 0.50130921 | C3: =(main!C3-MIN(main!$B$2:$B$101))/ (MAX(main!$B$2:$B$101)-MIN(main!$B$2:$B$101)) -> 0.81552011 | D3: =(main!D3-MIN(main!$B$2:$B$101))/ (MAX(main!$B$2:$B$101)-MIN(main!$B$2:$B$101)) -> 161.83552 | E3: =(main!E3-MIN(main!$B$2:$B$101))/ (MAX(main!$B$2:$B$101)-MIN(main!$B$2:$B$101)) -> -8.4703642 | F3: =(main!F3-MIN(main!$B$2:$B$101))/ (MAX(main!$B$2:$B$101)-MIN(main!$B$2:$B$101)) -> 103.46727
A4: 312820 | B4: =(main!B4-MIN(main!$B$2:$B$101))/ (MAX(main!$B$2:$B$101)-MIN(main!$B$2:$B$101)) -> 0.78933587 | C4: =(main!C4-MIN(main!$B$2:$B$101))/ (MAX(main!$B$2:$B$101)-MIN(main!$B$2:$B$101)) -> 0.91311592 | D4: =(main!D4-MIN(main!$B$2:$B$101))/ (MAX(main!$B$2:$B$101)-MIN(main!$B$2:$B$101)) -> 184.4099 | E4: =(main!E4-MIN(main!$B$2:$B$101))/ (MAX(main!$B$2:$B$101)-MIN(main!$B$2:$B$101)) -> -4.499881 | F4: =(main!F4-MIN(main!$B$2:$B$101))/ (MAX(main!$B$2:$B$101)-MIN(main!$B$2:$B$101)) -> 101.08688
A5: 158040 | B5: =(main!B5-MIN(main!$B$2:$B$101))/ (MAX(main!$B$2:$B$101)-MIN(main!$B$2:$B$101)) -> 0.49059748 | C5: =(main!C5-MIN(main!$B$2:$B$101))/ (MAX(main!$B$2:$B$101)-MIN(main!$B$2:$B$101)) -> 0.82504166 | D5: =(main!D5-MIN(main!$B$2:$B$101))/ (MAX(main!$B$2:$B$101)-MIN(main!$B$2:$B$101)) -> 106.93192 | E5: =(main!E5-MIN(main!$B$2:$B$101))/ (MAX(main!$B$2:$B$101)-MIN(main!$B$2:$B$101)) -> -6.7136396 | F5: =(main!F5-MIN(main!$B$2:$B$101))/ (MAX(main!$B$2:$B$101)-MIN(main!$B$2:$B$101)) -> 109.41823
A6: 190947 | B6: =(main!B6-MIN(main!$B$2:$B$101))/ (MAX(main!$B$2:$B$101)-MIN(main!$B$2:$B$101)) -> 0.99642942 | C6: =(main!C6-MIN(main!$B$2:$B$101))/ (MAX(main!$B$2:$B$101)-MIN(main!$B$2:$B$101)) -> 0.60961676 | D6: =(main!D6-MIN(main!$B$2:$B$101))/ (MAX(main!$B$2:$B$101)-MIN(main!$B$2:$B$101)) -> 97.532968 | E6: =(main!E6-MIN(main!$B$2:$B$101))/ (MAX(main!$B$2:$B$101)-MIN(main!$B$2:$B$101)) -> -3.3275411 | F6: =(main!F6-MIN(main!$B$2:$B$101))/ (MAX(main!$B$2:$B$101)-MIN(main!$B$2:$B$101)) -> 102.27708
A7: 241107 | B7: =(main!B7-MIN(main!$B$2:$B$101))/ (MAX(main!$B$2:$B$101)-MIN(main!$B$2:$B$101)) -> 0.66436563 | C7: =(main!C7-MIN(main!$B$2:$B$101))/ (MAX(main!$B$2:$B$101)-MIN(main!$B$2:$B$101)) -> 0.31920971 | D7: =(main!D7-MIN(main!$B$2:$B$101))/ (MAX(main!$B$2:$B$101)-MIN(main!$B$2:$B$101)) -> 178.7791 | E7: =(main!E7-MIN(main!$B$2:$B$101))/ (MAX(main!$B$2:$B$101)-MIN(main!$B$2:$B$101)) -> -8.9607236 | F7: =(main!F7-MIN(main!$B$2:$B$101))/ (MAX(main!$B$2:$B$101)-MIN(main!$B$2:$B$101)) -> 74.902642
A8: 151933 | B8: =(main!B8-MIN(main!$B$2:$B$101))/ (MAX(main!$B$2:$B$101)-MIN(main!$B$2:$B$101)) -> 0.63223042 | C8: =(main!C8-MIN(main!$B$2:$B$101))/ (MAX(main!$B$2:$B$101)-MIN(main!$B$2:$B$101)) -> 0.20614139 | D8: =(main!D8-MIN(main!$B$2:$B$101))/ (MAX(main!$B$2:$B$101)-MIN(main!$B$2:$B$101)) -> 240.43704 | E8: =(main!E8-MIN(main!$B$2:$B$101))/ (MAX(main!$B$2:$B$101)-MIN(main!$B$2:$B$101)) -> -10.118781 | F8: =(main!F8-MIN(main!$B$2:$B$101))/ (MAX(main!$B$2:$B$101)-MIN(main!$B$2:$B$101)) -> 61.810521
A9: 126267 | B9: =(main!B9-MIN(main!$B$2:$B$101))/ (MAX(main!$B$2:$B$101)-MIN(main!$B$2:$B$101)) -> 0.48226613 | C9: =(main!C9-MIN(main!$B$2:$B$101))/ (MAX(main!$B$2:$B$101)-MIN(main!$B$2:$B$101)) -> 0.62151869 | D9: =(main!D9-MIN(main!$B$2:$B$101))/ (MAX(main!$B$2:$B$101)-MIN(main!$B$2:$B$101)) -> 79.896691 | E9: =(main!E9-MIN(main!$B$2:$B$101))/ (MAX(main!$B$2:$B$101)-MIN(main!$B$2:$B$101)) -> -10.492502 | F9: =(main!F9-MIN(main!$B$2:$B$101))/ (MAX(main!$B$2:$B$101)-MIN(main!$B$2:$B$101)) -> 63.000714
A10: 133547 | B10: =(main!B10-MIN(main!$B$2:$B$101))/ (MAX(main!$B$2:$B$101)-MIN(main!$B$2:$B$101)) -> 0.39419186 | C10: =(main!C10-MIN(main!$B$2:$B$101))/ (MAX(main!$B$2:$B$101)-MIN(main!$B$2:$B$101)) -> 0.71197334 | D10: =(main!D10-MIN(main!$B$2:$B$101))/ (MAX(main!$B$2:$B$101)-MIN(main!$B$2:$B$101)) -> 167.09022 | E10: =(main!E10-MIN(main!$B$2:$B$101))/ (MAX(main!$B$2:$B$101)-MIN(main!$B$2:$B$101)) -> -14.226137 | F10: =(main!F10-MIN(main!$B$2:$B$101))/ (MAX(main!$B$2:$B$101)-MIN(main!$B$2:$B$101)) -> 3.4910736
A11: 130973 | B11: =(main!B11-MIN(main!$B$2:$B$101))/ (MAX(main!$B$2:$B$101)-MIN(main!$B$2:$B$101)) -> 0.42989764 | C11: =(main!C11-MIN(main!$B$2:$B$101))/ (MAX(main!$B$2:$B$101)-MIN(main!$B$2:$B$101)) -> 0.82147108 | D11: =(main!D11-MIN(main!$B$2:$B$101))/ (MAX(main!$B$2:$B$101)-MIN(main!$B$2:$B$101)) -> 142.52107 | E11: =(main!E11-MIN(main!$B$2:$B$101))/ (MAX(main!$B$2:$B$101)-MIN(main!$B$2:$B$101)) -> -10.240181 | F11: =(main!F11-MIN(main!$B$2:$B$101))/ (MAX(main!$B$2:$B$101)-MIN(main!$B$2:$B$101)) -> 60.620328
A12: 183907 | B12: =(main!B12-MIN(main!$B$2:$B$101))/ (MAX(main!$B$2:$B$101)-MIN(main!$B$2:$B$101)) -> 0.66436563 | C12: =(main!C12-MIN(main!$B$2:$B$101))/ (MAX(main!$B$2:$B$101)-MIN(main!$B$2:$B$101)) -> 0.78814568 | D12: =(main!D12-MIN(main!$B$2:$B$101))/ (MAX(main!$B$2:$B$101)-MIN(main!$B$2:$B$101)) -> 173.72911 | E12: =(main!E12-MIN(main!$B$2:$B$101))/ (MAX(main!$B$2:$B$101)-MIN(main!$B$2:$B$101)) -> -6.3470602 | F12: =(main!F12-MIN(main!$B$2:$B$101))/ (MAX(main!$B$2:$B$101)-MIN(main!$B$2:$B$101)) -> 96.326113
A13: 192160 | B13: =(main!B13-MIN(main!$B$2:$B$101))/ (MAX(main!$B$2:$B$101)-MIN(main!$B$2:$B$101)) -> 0.17043561 | C13: =(main!C13-MIN(main!$B$2:$B$101))/ (MAX(main!$B$2:$B$101)-MIN(main!$B$2:$B$101)) -> 0.30016663 | D13: =(main!D13-MIN(main!$B$2:$B$101))/ (MAX(main!$B$2:$B$101)-MIN(main!$B$2:$B$101)) -> 93.583909 | E13: =(main!E13-MIN(main!$B$2:$B$101))/ (MAX(main!$B$2:$B$101)-MIN(main!$B$2:$B$101)) -> -18.207332 | F13: =(main!F13-MIN(main!$B$2:$B$101))/ (MAX(main!$B$2:$B$101)-MIN(main!$B$2:$B$101)) -> 57.04975
... A100: 212689 | B100: =(main!B100-MIN(main!$B$2:$B$101))/ (MAX(main!$B$2:$B$101)-MIN(main!$B$2:$B$101)) -> 0.70602238 | C100: =(main!C100-MIN(main!$B$2:$B$101))/ (MAX(main!$B$2:$B$101)-MIN(main!$B$2:$B$101)) -> 0.46084266 | D100: =(main!D100-MIN(main!$B$2:$B$101))/ (MAX(main!$B$2:$B$101)-MIN(main!$B$2:$B$101)) -> 219.33611 | E100: =(main!E100-MIN(main!$B$2:$B$101))/ (MAX(main!$B$2:$B$101)-MIN(main!$B$2:$B$101)) -> -5.265175 | F100: =(main!F100-MIN(main!$B$2:$B$101))/ (MAX(main!$B$2:$B$101)-MIN(main!$B$2:$B$101)) -> 74.902642

Sheet popularity
A1: song_id | B1: song_name | C1: billboard | D1: artists | E1: popularity | F1: explicit | G1: song_type
A2: 3e9HZxeyfWwjeyPAMmWSSQ | B2: thank u, next | C2: ('Thank U, Next', 'Ariana Grande') | D2: {'66CXWjxzNUsdJxJ2JdwvnR': 'Ariana Grande'} | E2: 86 | F2: TRUE | G2: Solo
A3: 5p7ujcrUXASCNwRaWNHR1C | B3: Without Me | C3: ('Without Me', 'Halsey') | D3: {'26VFTg2z8YR0cCuwLzESi2': 'Halsey'} | E3: 87 | F3: TRUE | G3: Solo
A4: 2xLMifQCjDGFmkHkpNLD9h | B4: SICKO MODE | C4: ('Sicko Mode', 'Travis Scott') | D4: {'0Y5tJX1MQlPlqiwlOH1tJY': 'Travis Scott'} | E4: 85 | F4: TRUE | G4: Solo
A5: 3KkXRkHbMCARz0aVfEt68P | B5: Sunflower - Spider-Man: Into the Spider-Verse | C5: ('Sunflower (Spider-Man: Into The Spider-Verse)', 'Post Malone & Swae Lee') | D5: {'246dkjvS1zLTtiykXe5h60': 'Post Malone', '1zNqQNIdeOUZHb8zbZRFMX': 'Swae Lee'} | E5: 92 | F5: FALSE | G5: Collaboration
A6: 1rqqCSm0Qe4I9rUvWncaom | B6: High Hopes | C6: ('High Hopes', 'Panic! At The Disco') | D6: {'20JZFwl6HVl6yg8a4H3ZqK': 'Panic! At The Disco'} | E6: 86 | F6: FALSE | G6: Solo
A7: 0bYg9bo50gSsH3LtXe2SQn | B7: All I Want for Christmas Is You | C7: ('All I Want For Christmas Is You', 'Mariah Carey') | D7: {'4iHNK0tOyZPYnBU7nGAgpQ': 'Mariah Carey'} | E7: 63 | F7: FALSE | G7: Solo
A8: 5hslUAKq9I9CG2bAulFkHN | B8: It's the Most Wonderful Time of the Year | C8: ("It's The Most Wonderful Time Of The Year", 'Andy Williams') | D8: {'4sj6D0zlMOl25nprDJBiU9': 'Andy Williams'} | E8: 52 | F8: FALSE | G8: Solo
A9: 2EjXfH91m7f8HiJN1yQg97 | B9: Rockin' Around The Christmas Tree | C9: ("Rockin' Around The Christmas Tree", 'Brenda Lee') | D9: {'4cPHsZM98sKzmV26wlwD2W': 'Brenda Lee'} | E9: 53 | F9: FALSE | G9: Solo
A10: 0MMSmg7zyo6pOKZrfHUOqu | B10: A Holly Jolly Christmas | C10: ('A Holly Jolly Christmas', 'Burl Ives') | D10: {'0MHgLfmQdutffmvWe5XBTN': 'Burl Ives'} | E10: 3 | F10: FALSE | G10: Solo
A11: 6Z924AupOiJLdnAKH6UgCu | B11: Jingle Bell Rock | C11: ('Jingle Bell Rock', 'Bobby Helms') | D11: {'38EmEgXkgK51MT2tPY0EoC': 'Bobby Helms'} | E11: 51 | F11: FALSE | G11: Solo
A12: 1xzBco0xcoJEDXktl7Jxrr | B12: Mo Bamba | C12: ('Mo Bamba', 'Sheck Wes') | D12: {'2RDOrhPqAM4jzTRCEb19qX': 'Sheck Wes'} | E12: 81 | F12: TRUE | G12: Solo
A13: 4PS1e8f2LvuTFgUs1Cn3ON | B13: The Christmas Song (Merry Christmas To You) | C13: ('The Christmas Song (Merry Christmas To You)', 'Nat King Cole') | D13: {'7v4imS0moSyGdXyLgVTIV7': 'Nat King Cole'} | E13: 48 | F13: FALSE | G13: Solo
... A200: 20MuVazoNMv6xjKPnRFOxG | B200: WAKE UP | C200: ('Wake Up', 'Travis Scott') | D200: {'0Y5tJX1MQlPlqiwlOH1tJY': 'Travis Scott'} | E200: 76 | F200: TRUE | G200: Solo
